Door Name,Door Event,Door Status,Access Time,ID,Name,IP,Status,Alarm,Site ID,Last Access,Tamper,Reader
Lab Test,Door Monitor,NotSupported,2022-11-07 0:39:49,54,Lab Test,10.0.1.246,Unlocked,Normal,7,2022-12-15 00:52:35,0,Reader Entrance
Lab Test,Door Lock Monitor,NotSupported,2022-11-07 0:39:49,54,Lab Test,10.0.1.246,Unlocked,Normal,7,2022-12-15 00:52:35,0,Reader Entrance
Lab Test,Door Lock Monitor,Fault,2022-11-07 0:39:50,54,Lab Test,10.0.1.246,Unlocked,Normal,7,2022-12-15 00:52:35,0,Reader Entrance
Lab Test,Door Mode,Locked,2022-11-07 0:39:49,54,Lab Test,10.0.1.246,Unlocked,Normal,7,2022-12-15 00:52:35,0,Reader Entrance
Lab Test,Door Tamper,NotInTamper,2022-11-07 0:39:49,54,Lab Test,10.0.1.246,Unlocked,Normal,7,2022-12-15 00:52:35,0,Reader Entrance
Lab Test,Door Alarm,Normal,2022-11-07 0:39:49,54,Lab Test,10.0.1.246,Unlocked,Normal,7,2022-12-15 00:52:35,0,Reader Entrance
Lab Test,Door Warning,Normal,2022-11-07 0:39:49,54,Lab Test,10.0.1.246,Unlocked,Normal,7,2022-12-15 00:52:35,0,Reader Entrance
Lab Test,Door Monitor,Open,2022-11-07 0:39:52,54,Lab Test,10.0.1.246,Unlocked,Normal,7,2022-12-15 00:52:35,0,Reader Entrance
Lab Test,Door Alarm,DoorForcedOpen,2022-11-07 0:39:52,54,Lab Test,10.0.1.246,Unlocked,Normal,7,2022-12-15 00:52:35,0,Reader Entrance
Lab Test,Door Monitor,NotSupported,2022-11-07 0:42:57,54,Lab Test,10.0.1.246,Unlocked,Normal,7,2022-12-15 00:52:35,0,Reader Entrance
Lab Test,Door Lock Monitor,NotSupported,2022-11-07 0:42:57,54,Lab Test,10.0.1.246,Unlocked,Normal,7,2022-12-15 00:52:35,0,Reader Entrance
Lab Test,Door Mode,Locked,2022-11-07 0:42:57,54,Lab Test,10.0.1.246,Unlocked,Normal,7,2022-12-15 00:52:35,0,Reader Entrance
Lab Test,Door Tamper,NotInTamper,2022-11-07 0:42:57,54,Lab Test,10.0.1.246,Unlocked,Normal,7,2022-12-15 00:52:35,0,Reader Entrance
Lab Test,Door Alarm,Normal,2022-11-07 0:42:57,54,Lab Test,10.0.1.246,Unlocked,Normal,7,2022-12-15 00:52:35,0,Reader Entrance
Lab Test,Door Warning,Normal,2022-11-07 0:42:57,54,Lab Test,10.0.1.246,Unlocked,Normal,7,2022-12-15 00:52:35,0,Reader Entrance
Lab Test,Door Lock Monitor,Fault,2022-11-07 0:42:59,54,Lab Test,10.0.1.246,Unlocked,Normal,7,2022-12-15 00:52:35,0,Reader Entrance
Lab Test,Door Monitor,Open,2022-11-07 0:43:00,54,Lab Test,10.0.1.246,Unlocked,Normal,7,2022-12-15 00:52:35,0,Reader Entrance
Lab Test,Door Alarm,DoorForcedOpen,2022-11-07 0:43:00,54,Lab Test,10.0.1.246,Unlocked,Normal,7,2022-12-15 00:52:35,0,Reader Entrance
Lab Test,Door Monitor,NotSupported,2022-11-07 0:44:18,54,Lab Test,10.0.1.246,Unlocked,Normal,7,2022-12-15 00:52:35,0,Reader Entrance
Lab Test,Door Mode,Locked,2022-11-07 0:44:19,54,Lab Test,10.0.1.246,Unlocked,Normal,7,2022-12-15 00:52:35,0,Reader Entrance
Lab Test,Door Tamper,NotInTamper,2022-11-07 0:44:18,54,Lab Test,10.0.1.246,Unlocked,Normal,7,2022-12-15 00:52:35,0,Reader Entrance
Lab Test,Door Alarm,Normal,2022-11-07 0:44:18,54,Lab Test,10.0.1.246,Unlocked,Normal,7,2022-12-15 00:52:35,0,Reader Entrance
Lab Test,Door Warning,Normal,2022-11-07 0:44:18,54,Lab Test,10.0.1.246,Unlocked,Normal,7,2022-12-15 00:52:35,0,Reader Entrance
Lab Test,Door Monitor,Open,2022-11-07 0:44:21,54,Lab Test,10.0.1.246,Unlocked,Normal,7,2022-12-15 00:52:35,0,Reader Entrance
Lab Test,Door Alarm,DoorForcedOpen,2022-11-07 0:44:21,54,Lab Test,10.0.1.246,Unlocked,Normal,7,2022-12-15 00:52:35,0,Reader Entrance
Lab Test,Door Monitor,NotSupported,2022-11-07 0:45:07,54,Lab Test,10.0.1.246,Unlocked,Normal,7,2022-12-15 00:52:35,0,Reader Entrance
Lab Test,Door Mode,Locked,2022-11-07 0:45:07,54,Lab Test,10.0.1.246,Unlocked,Normal,7,2022-12-15 00:52:35,0,Reader Entrance
Lab Test,Door Tamper,NotInTamper,2022-11-07 0:45:07,54,Lab Test,10.0.1.246,Unlocked,Normal,7,2022-12-15 00:52:35,0,Reader Entrance
Lab Test,Door Alarm,Normal,2022-11-07 0:45:07,54,Lab Test,10.0.1.246,Unlocked,Normal,7,2022-12-15 00:52:35,0,Reader Entrance
Lab Test,Door Monitor,Closed,2022-11-07 0:45:09,54,Lab Test,10.0.1.246,Unlocked,Normal,7,2022-12-15 00:52:35,0,Reader Entrance
Lab Test,Door Warning,Normal,2022-11-07 0:45:07,54,Lab Test,10.0.1.246,Unlocked,Normal,7,2022-12-15 00:52:35,0,Reader Entrance
Lab Test,Door Mode,Unlocked,2022-11-07 0:54:27,54,Lab Test,10.0.1.246,Unlocked,Normal,7,2022-12-15 00:52:35,0,Reader Entrance
Lab Test,Door Mode,Locked,2022-11-07 0:54:52,54,Lab Test,10.0.1.246,Unlocked,Normal,7,2022-12-15 00:52:35,0,Reader Entrance
Lab Test,Door Monitor,NotSupported,2022-11-07 0:59:48,54,Lab Test,10.0.1.246,Unlocked,Normal,7,2022-12-15 00:52:35,0,Reader Entrance
Lab Test,Door Mode,Locked,2022-11-07 0:59:48,54,Lab Test,10.0.1.246,Unlocked,Normal,7,2022-12-15 00:52:35,0,Reader Entrance
Lab Test,Door Tamper,NotInTamper,2022-11-07 0:59:48,54,Lab Test,10.0.1.246,Unlocked,Normal,7,2022-12-15 00:52:35,0,Reader Entrance
Lab Test,Door Alarm,Normal,2022-11-07 0:59:48,54,Lab Test,10.0.1.246,Unlocked,Normal,7,2022-12-15 00:52:35,0,Reader Entrance
Lab Test,Door Warning,Normal,2022-11-07 0:59:48,54,Lab Test,10.0.1.246,Unlocked,Normal,7,2022-12-15 00:52:35,0,Reader Entrance
Lab Test,Door Monitor,Closed,2022-11-07 0:59:50,54,Lab Test,10.0.1.246,Unlocked,Normal,7,2022-12-15 00:52:35,0,Reader Entrance
Lab Test,Door Monitor,NotSupported,2022-11-07 1:03:04,54,Lab Test,10.0.1.246,Unlocked,Normal,7,2022-12-15 00:52:35,0,Reader Entrance
Lab Test,Door Mode,DoubleLocked,2022-11-07 1:03:04,54,Lab Test,10.0.1.246,Unlocked,Normal,7,2022-12-15 00:52:35,0,Reader Entrance
Lab Test,Door Tamper,NotInTamper,2022-11-07 1:03:04,54,Lab Test,10.0.1.246,Unlocked,Normal,7,2022-12-15 00:52:35,0,Reader Entrance
Lab Test,Door Alarm,Normal,2022-11-07 1:03:04,54,Lab Test,10.0.1.246,Unlocked,Normal,7,2022-12-15 00:52:35,0,Reader Entrance
Lab Test,Door Warning,Normal,2022-11-07 1:03:04,54,Lab Test,10.0.1.246,Unlocked,Normal,7,2022-12-15 00:52:35,0,Reader Entrance
Lab Test,Door Monitor,Closed,2022-11-07 1:03:06,54,Lab Test,10.0.1.246,Unlocked,Normal,7,2022-12-15 00:52:35,0,Reader Entrance
Lab Test,Door Monitor,NotSupported,2022-11-08 5:45:42,54,Lab Test,10.0.1.246,Unlocked,Normal,7,2022-12-15 00:52:35,0,Reader Entrance
Lab Test,Door Mode,Locked,2022-11-08 5:45:42,54,Lab Test,10.0.1.246,Unlocked,Normal,7,2022-12-15 00:52:35,0,Reader Entrance
Lab Test,Door Tamper,NotInTamper,2022-11-08 5:45:42,54,Lab Test,10.0.1.246,Unlocked,Normal,7,2022-12-15 00:52:35,0,Reader Entrance
Lab Test,Door Alarm,Normal,2022-11-08 5:45:42,54,Lab Test,10.0.1.246,Unlocked,Normal,7,2022-12-15 00:52:35,0,Reader Entrance
Lab Test,Door Warning,Normal,2022-11-08 5:45:42,54,Lab Test,10.0.1.246,Unlocked,Normal,7,2022-12-15 00:52:35,0,Reader Entrance
Lab Test,Door Monitor,Closed,2022-11-08 5:45:45,54,Lab Test,10.0.1.246,Unlocked,Normal,7,2022-12-15 00:52:35,0,Reader Entrance
Lab Test,Door Mode,Accessed,2022-11-08 5:59:38,54,Lab Test,10.0.1.246,Unlocked,Normal,7,2022-12-15 00:52:35,0,Reader Entrance
Lab Test,Door Mode,Locked,2022-11-08 5:59:46,54,Lab Test,10.0.1.246,Unlocked,Normal,7,2022-12-15 00:52:35,0,Reader Entrance
Lab Test,Door Mode,Accessed,2022-11-08 5:59:58,54,Lab Test,10.0.1.246,Unlocked,Normal,7,2022-12-15 00:52:35,0,Reader Entrance
Lab Test,Door Mode,Locked,2022-11-08 6:00:06,54,Lab Test,10.0.1.246,Unlocked,Normal,7,2022-12-15 00:52:35,0,Reader Entrance
Lab Test,Door Mode,Accessed,2022-11-08 6:16:23,54,Lab Test,10.0.1.246,Unlocked,Normal,7,2022-12-15 00:52:35,0,Reader Entrance
Lab Test,Door Mode,Locked,2022-11-08 6:16:30,54,Lab Test,10.0.1.246,Unlocked,Normal,7,2022-12-15 00:52:35,0,Reader Entrance
Lab Test,Door Mode,Accessed,2022-11-08 6:16:34,54,Lab Test,10.0.1.246,Unlocked,Normal,7,2022-12-15 00:52:35,0,Reader Entrance
Lab Test,Door Mode,Locked,2022-11-08 6:16:42,54,Lab Test,10.0.1.246,Unlocked,Normal,7,2022-12-15 00:52:35,0,Reader Entrance
Lab Test,Door Mode,Accessed,2022-11-09 2:14:07,54,Lab Test,10.0.1.246,Unlocked,Normal,7,2022-12-15 00:52:35,0,Reader Entrance
Lab Test,Door Mode,Locked,2022-11-09 2:14:15,54,Lab Test,10.0.1.246,Unlocked,Normal,7,2022-12-15 00:52:35,0,Reader Entrance
Lab Test,Door Mode,Accessed,2022-11-09 2:14:24,54,Lab Test,10.0.1.246,Unlocked,Normal,7,2022-12-15 00:52:35,0,Reader Entrance
Lab Test,Door Mode,Locked,2022-11-09 2:14:31,54,Lab Test,10.0.1.246,Unlocked,Normal,7,2022-12-15 00:52:35,0,Reader Entrance
Lab Test,Door Mode,Unlocked,2022-11-17 1:17:20,54,Lab Test,10.0.1.246,Unlocked,Normal,7,2022-12-15 00:52:35,0,Reader Entrance
Lab Test,Door Mode,Locked,2022-11-17 1:17:29,54,Lab Test,10.0.1.246,Unlocked,Normal,7,2022-12-15 00:52:35,0,Reader Entrance
Lab Test,Door Mode,Unlocked,2022-11-17 1:17:39,54,Lab Test,10.0.1.246,Unlocked,Normal,7,2022-12-15 00:52:35,0,Reader Entrance
Lab Test,Door Mode,Accessed,2022-11-17 1:19:50,54,Lab Test,10.0.1.246,Unlocked,Normal,7,2022-12-15 00:52:35,0,Reader Entrance
Lab Test,Door Mode,Unlocked,2022-11-17 1:20:03,54,Lab Test,10.0.1.246,Unlocked,Normal,7,2022-12-15 00:52:35,0,Reader Entrance
Lab Test,Door Mode,Accessed,2022-11-17 1:20:05,54,Lab Test,10.0.1.246,Unlocked,Normal,7,2022-12-15 00:52:35,0,Reader Entrance
Lab Test,Door Mode,Unlocked,2022-11-17 1:20:13,54,Lab Test,10.0.1.246,Unlocked,Normal,7,2022-12-15 00:52:35,0,Reader Entrance
Lab Test,Door Mode,Locked,2022-11-17 1:21:35,54,Lab Test,10.0.1.246,Unlocked,Normal,7,2022-12-15 00:52:35,0,Reader Entrance
Lab Test,Door Mode,Unlocked,2022-11-17 1:21:45,54,Lab Test,10.0.1.246,Unlocked,Normal,7,2022-12-15 00:52:35,0,Reader Entrance
Lab Test,Door Mode,Locked,2022-11-17 1:28:21,54,Lab Test,10.0.1.246,Unlocked,Normal,7,2022-12-15 00:52:35,0,Reader Entrance
Lab Test,Door Mode,Unlocked,2022-11-17 1:28:36,54,Lab Test,10.0.1.246,Unlocked,Normal,7,2022-12-15 00:52:35,0,Reader Entrance
Lab Test,Door Mode,Locked,2022-11-17 1:30:19,54,Lab Test,10.0.1.246,Unlocked,Normal,7,2022-12-15 00:52:35,0,Reader Entrance
Lab Test,Door Mode,Unlocked,2022-11-17 1:32:23,54,Lab Test,10.0.1.246,Unlocked,Normal,7,2022-12-15 00:52:35,0,Reader Entrance
Lab Test,Door Mode,Locked,2022-11-17 1:32:29,54,Lab Test,10.0.1.246,Unlocked,Normal,7,2022-12-15 00:52:35,0,Reader Entrance
Lab Test,Door Mode,Accessed,2022-11-17 1:32:32,54,Lab Test,10.0.1.246,Unlocked,Normal,7,2022-12-15 00:52:35,0,Reader Entrance
Lab Test,Door Mode,Locked,2022-11-17 1:32:39,54,Lab Test,10.0.1.246,Unlocked,Normal,7,2022-12-15 00:52:35,0,Reader Entrance
Lab Test,Door Mode,Accessed,2022-11-17 1:32:50,54,Lab Test,10.0.1.246,Unlocked,Normal,7,2022-12-15 00:52:35,0,Reader Entrance
Lab Test,Door Mode,Locked,2022-11-17 1:32:57,54,Lab Test,10.0.1.246,Unlocked,Normal,7,2022-12-15 00:52:35,0,Reader Entrance
Lab Test,Door Mode,Accessed,2022-11-17 1:41:41,54,Lab Test,10.0.1.246,Unlocked,Normal,7,2022-12-15 00:52:35,0,Reader Entrance
Lab Test,Door Mode,Locked,2022-11-17 1:41:48,54,Lab Test,10.0.1.246,Unlocked,Normal,7,2022-12-15 00:52:35,0,Reader Entrance
Lab Test,Door Mode,Unlocked,2022-11-17 1:44:52,54,Lab Test,10.0.1.246,Unlocked,Normal,7,2022-12-15 00:52:35,0,Reader Entrance
Lab Test,Door Mode,Locked,2022-11-17 1:45:28,54,Lab Test,10.0.1.246,Unlocked,Normal,7,2022-12-15 00:52:35,0,Reader Entrance
Lab Test,Door Mode,Accessed,2022-11-17 1:45:34,54,Lab Test,10.0.1.246,Unlocked,Normal,7,2022-12-15 00:52:35,0,Reader Entrance
Lab Test,Door Mode,Locked,2022-11-17 1:45:41,54,Lab Test,10.0.1.246,Unlocked,Normal,7,2022-12-15 00:52:35,0,Reader Entrance
Lab Test,Door Mode,Accessed,2022-11-17 2:01:04,54,Lab Test,10.0.1.246,Unlocked,Normal,7,2022-12-15 00:52:35,0,Reader Entrance
Lab Test,Door Mode,Locked,2022-11-17 2:01:15,54,Lab Test,10.0.1.246,Unlocked,Normal,7,2022-12-15 00:52:35,0,Reader Entrance
Lab Test,Door Mode,Accessed,2022-11-17 2:14:56,54,Lab Test,10.0.1.246,Unlocked,Normal,7,2022-12-15 00:52:35,0,Reader Entrance
Lab Test,Door Mode,Locked,2022-11-17 2:15:04,54,Lab Test,10.0.1.246,Unlocked,Normal,7,2022-12-15 00:52:35,0,Reader Entrance
Lab Test,Door Mode,Accessed,2022-11-17 2:17:59,54,Lab Test,10.0.1.246,Unlocked,Normal,7,2022-12-15 00:52:35,0,Reader Entrance
Lab Test,Door Mode,Locked,2022-11-17 2:18:06,54,Lab Test,10.0.1.246,Unlocked,Normal,7,2022-12-15 00:52:35,0,Reader Entrance
Lab Test,Door Mode,Accessed,2022-11-17 2:18:38,54,Lab Test,10.0.1.246,Unlocked,Normal,7,2022-12-15 00:52:35,0,Reader Entrance
Lab Test,Door Mode,Locked,2022-11-17 2:18:45,54,Lab Test,10.0.1.246,Unlocked,Normal,7,2022-12-15 00:52:35,0,Reader Entrance
Lab Test,Door Mode,Accessed,2022-11-17 2:18:48,54,Lab Test,10.0.1.246,Unlocked,Normal,7,2022-12-15 00:52:35,0,Reader Entrance
Lab Test,Door Mode,Locked,2022-11-17 2:18:55,54,Lab Test,10.0.1.246,Unlocked,Normal,7,2022-12-15 00:52:35,0,Reader Entrance
Lab Test,Door Mode,Accessed,2022-11-22 1:18:02,54,Lab Test,10.0.1.246,Unlocked,Normal,7,2022-12-15 00:52:35,0,Reader Entrance
Lab Test,Door Mode,Locked,2022-11-22 1:18:09,54,Lab Test,10.0.1.246,Unlocked,Normal,7,2022-12-15 00:52:35,0,Reader Entrance
Lab Test,Door Mode,Accessed,2022-11-29 5:33:24,54,Lab Test,10.0.1.246,Unlocked,Normal,7,2022-12-15 00:52:35,0,Reader Entrance
Lab Test,Door Mode,Locked,2022-11-29 5:33:32,54,Lab Test,10.0.1.246,Unlocked,Normal,7,2022-12-15 00:52:35,0,Reader Entrance
Lab Test,Door Mode,Accessed,2022-12-06 4:31:08,54,Lab Test,10.0.1.246,Unlocked,Normal,7,2022-12-15 00:52:35,0,Reader Entrance
Lab Test,Door Mode,Locked,2022-12-06 4:31:16,54,Lab Test,10.0.1.246,Unlocked,Normal,7,2022-12-15 00:52:35,0,Reader Entrance
Lab Test,Door Mode,Accessed,2022-12-06 6:19:15,54,Lab Test,10.0.1.246,Unlocked,Normal,7,2022-12-15 00:52:35,0,Reader Entrance
Lab Test,Door Mode,Locked,2022-12-06 6:19:22,54,Lab Test,10.0.1.246,Unlocked,Normal,7,2022-12-15 00:52:35,0,Reader Entrance
Lab Test,Door Mode,Accessed,2022-12-06 6:27:36,54,Lab Test,10.0.1.246,Unlocked,Normal,7,2022-12-15 00:52:35,0,Reader Entrance
Lab Test,Door Mode,Locked,2022-12-06 6:28:16,54,Lab Test,10.0.1.246,Unlocked,Normal,7,2022-12-15 00:52:35,0,Reader Entrance
Lab Test,Door Mode,Accessed,2022-12-06 6:28:44,54,Lab Test,10.0.1.246,Unlocked,Normal,7,2022-12-15 00:52:35,0,Reader Entrance
Lab Test,Door Mode,Locked,2022-12-06 6:28:51,54,Lab Test,10.0.1.246,Unlocked,Normal,7,2022-12-15 00:52:35,0,Reader Entrance
Lab Test,Door Mode,Accessed,2022-12-06 6:29:09,54,Lab Test,10.0.1.246,Unlocked,Normal,7,2022-12-15 00:52:35,0,Reader Entrance
Lab Test,Door Mode,Locked,2022-12-06 6:29:16,54,Lab Test,10.0.1.246,Unlocked,Normal,7,2022-12-15 00:52:35,0,Reader Entrance
Lab Test,Door Mode,Accessed,2022-12-06 6:29:48,54,Lab Test,10.0.1.246,Unlocked,Normal,7,2022-12-15 00:52:35,0,Reader Entrance
Lab Test,Door Mode,Locked,2022-12-06 6:29:55,54,Lab Test,10.0.1.246,Unlocked,Normal,7,2022-12-15 00:52:35,0,Reader Entrance
Lab Test,Door Mode,Accessed,2022-12-06 6:31:34,54,Lab Test,10.0.1.246,Unlocked,Normal,7,2022-12-15 00:52:35,0,Reader Entrance
Lab Test,Door Mode,Locked,2022-12-06 6:31:41,54,Lab Test,10.0.1.246,Unlocked,Normal,7,2022-12-15 00:52:35,0,Reader Entrance
Lab Test,Door Mode,Accessed,2022-12-06 6:35:08,54,Lab Test,10.0.1.246,Unlocked,Normal,7,2022-12-15 00:52:35,0,Reader Entrance
Lab Test,Door Mode,Locked,2022-12-06 6:35:15,54,Lab Test,10.0.1.246,Unlocked,Normal,7,2022-12-15 00:52:35,0,Reader Entrance
Lab Test,Door Mode,Unlocked,2022-12-06 6:36:00,54,Lab Test,10.0.1.246,Unlocked,Normal,7,2022-12-15 00:52:35,0,Reader Entrance
Lab Test,Door Mode,Locked,2022-12-06 6:36:03,54,Lab Test,10.0.1.246,Unlocked,Normal,7,2022-12-15 00:52:35,0,Reader Entrance
Lab Test,Door Mode,Unlocked,2022-12-06 6:36:04,54,Lab Test,10.0.1.246,Unlocked,Normal,7,2022-12-15 00:52:35,0,Reader Entrance
Lab Test,Door Mode,Locked,2022-12-06 6:36:05,54,Lab Test,10.0.1.246,Unlocked,Normal,7,2022-12-15 00:52:35,0,Reader Entrance
Lab Test,Door Mode,Unlocked,2022-12-06 6:36:06,54,Lab Test,10.0.1.246,Unlocked,Normal,7,2022-12-15 00:52:35,0,Reader Entrance
Lab Test,Door Mode,Locked,2022-12-06 6:36:06,54,Lab Test,10.0.1.246,Unlocked,Normal,7,2022-12-15 00:52:35,0,Reader Entrance
Lab Test,Door Mode,Unlocked,2022-12-06 6:36:06,54,Lab Test,10.0.1.246,Unlocked,Normal,7,2022-12-15 00:52:35,0,Reader Entrance
Lab Test,Door Mode,Locked,2022-12-06 6:36:07,54,Lab Test,10.0.1.246,Unlocked,Normal,7,2022-12-15 00:52:35,0,Reader Entrance
Lab Test,Door Mode,Unlocked,2022-12-06 6:36:07,54,Lab Test,10.0.1.246,Unlocked,Normal,7,2022-12-15 00:52:35,0,Reader Entrance
Lab Test,Door Mode,Locked,2022-12-06 6:36:07,54,Lab Test,10.0.1.246,Unlocked,Normal,7,2022-12-15 00:52:35,0,Reader Entrance
Lab Test,Door Mode,Unlocked,2022-12-06 6:36:08,54,Lab Test,10.0.1.246,Unlocked,Normal,7,2022-12-15 00:52:35,0,Reader Entrance
Lab Test,Door Mode,Locked,2022-12-06 6:36:08,54,Lab Test,10.0.1.246,Unlocked,Normal,7,2022-12-15 00:52:35,0,Reader Entrance
Lab Test,Door Mode,Unlocked,2022-12-06 6:36:08,54,Lab Test,10.0.1.246,Unlocked,Normal,7,2022-12-15 00:52:35,0,Reader Entrance
Lab Test,Door Mode,Locked,2022-12-06 6:36:08,54,Lab Test,10.0.1.246,Unlocked,Normal,7,2022-12-15 00:52:35,0,Reader Entrance
Lab Test,Door Mode,Unlocked,2022-12-06 6:36:09,54,Lab Test,10.0.1.246,Unlocked,Normal,7,2022-12-15 00:52:35,0,Reader Entrance
Lab Test,Door Mode,Locked,2022-12-06 6:36:09,54,Lab Test,10.0.1.246,Unlocked,Normal,7,2022-12-15 00:52:35,0,Reader Entrance
Lab Test,Door Mode,Unlocked,2022-12-06 6:36:12,54,Lab Test,10.0.1.246,Unlocked,Normal,7,2022-12-15 00:52:35,0,Reader Entrance
Lab Test,Door Mode,Accessed,2022-12-06 6:36:13,54,Lab Test,10.0.1.246,Unlocked,Normal,7,2022-12-15 00:52:35,0,Reader Entrance
Lab Test,Door Mode,Locked,2022-12-06 6:36:17,54,Lab Test,10.0.1.246,Unlocked,Normal,7,2022-12-15 00:52:35,0,Reader Entrance
Lab Test,Door Mode,Unlocked,2022-12-06 6:36:45,54,Lab Test,10.0.1.246,Unlocked,Normal,7,2022-12-15 00:52:35,0,Reader Entrance
Lab Test,Door Mode,Locked,2022-12-06 6:36:47,54,Lab Test,10.0.1.246,Unlocked,Normal,7,2022-12-15 00:52:35,0,Reader Entrance
Lab Test,Door Mode,Unlocked,2022-12-06 6:36:54,54,Lab Test,10.0.1.246,Unlocked,Normal,7,2022-12-15 00:52:35,0,Reader Entrance
Lab Test,Door Mode,Locked,2022-12-06 6:36:56,54,Lab Test,10.0.1.246,Unlocked,Normal,7,2022-12-15 00:52:35,0,Reader Entrance
Lab Test,Door Mode,Accessed,2022-12-06 6:51:59,54,Lab Test,10.0.1.246,Unlocked,Normal,7,2022-12-15 00:52:35,0,Reader Entrance
Lab Test,Door Mode,Locked,2022-12-06 6:52:06,54,Lab Test,10.0.1.246,Unlocked,Normal,7,2022-12-15 00:52:35,0,Reader Entrance
Lab Test,Door Mode,Accessed,2022-12-06 7:37:51,54,Lab Test,10.0.1.246,Unlocked,Normal,7,2022-12-15 00:52:35,0,Reader Entrance
Lab Test,Door Mode,Unlocked,2022-12-06 7:37:56,54,Lab Test,10.0.1.246,Unlocked,Normal,7,2022-12-15 00:52:35,0,Reader Entrance
Lab Test,Door Mode,Locked,2022-12-06 7:37:56,54,Lab Test,10.0.1.246,Unlocked,Normal,7,2022-12-15 00:52:35,0,Reader Entrance
Lab Test,Door Mode,Unlocked,2022-12-06 7:37:57,54,Lab Test,10.0.1.246,Unlocked,Normal,7,2022-12-15 00:52:35,0,Reader Entrance
Lab Test,Door Mode,Locked,2022-12-06 7:37:57,54,Lab Test,10.0.1.246,Unlocked,Normal,7,2022-12-15 00:52:35,0,Reader Entrance
Lab Test,Door Mode,Unlocked,2022-12-06 7:37:58,54,Lab Test,10.0.1.246,Unlocked,Normal,7,2022-12-15 00:52:35,0,Reader Entrance
Lab Test,Door Mode,Locked,2022-12-06 7:37:58,54,Lab Test,10.0.1.246,Unlocked,Normal,7,2022-12-15 00:52:35,0,Reader Entrance
Lab Test,Door Mode,Unlocked,2022-12-06 7:37:58,54,Lab Test,10.0.1.246,Unlocked,Normal,7,2022-12-15 00:52:35,0,Reader Entrance
Lab Test,Door Mode,Locked,2022-12-06 7:37:59,54,Lab Test,10.0.1.246,Unlocked,Normal,7,2022-12-15 00:52:35,0,Reader Entrance
Lab Test,Door Mode,Unlocked,2022-12-06 7:37:59,54,Lab Test,10.0.1.246,Unlocked,Normal,7,2022-12-15 00:52:35,0,Reader Entrance
Lab Test,Door Mode,Locked,2022-12-06 7:37:59,54,Lab Test,10.0.1.246,Unlocked,Normal,7,2022-12-15 00:52:35,0,Reader Entrance
Lab Test,Door Mode,Unlocked,2022-12-06 7:38:00,54,Lab Test,10.0.1.246,Unlocked,Normal,7,2022-12-15 00:52:35,0,Reader Entrance
Lab Test,Door Mode,Locked,2022-12-06 7:38:00,54,Lab Test,10.0.1.246,Unlocked,Normal,7,2022-12-15 00:52:35,0,Reader Entrance
Lab Test,Door Mode,Unlocked,2022-12-06 7:38:00,54,Lab Test,10.0.1.246,Unlocked,Normal,7,2022-12-15 00:52:35,0,Reader Entrance
Lab Test,Door Mode,Locked,2022-12-06 7:38:01,54,Lab Test,10.0.1.246,Unlocked,Normal,7,2022-12-15 00:52:35,0,Reader Entrance
Lab Test,Door Mode,Unlocked,2022-12-06 7:38:01,54,Lab Test,10.0.1.246,Unlocked,Normal,7,2022-12-15 00:52:35,0,Reader Entrance
Lab Test,Door Mode,Locked,2022-12-06 7:38:02,54,Lab Test,10.0.1.246,Unlocked,Normal,7,2022-12-15 00:52:35,0,Reader Entrance
Lab Test,Door Mode,Accessed,2022-12-06 9:46:37,54,Lab Test,10.0.1.246,Unlocked,Normal,7,2022-12-15 00:52:35,0,Reader Entrance
Lab Test,Door Mode,Locked,2022-12-06 9:46:44,54,Lab Test,10.0.1.246,Unlocked,Normal,7,2022-12-15 00:52:35,0,Reader Entrance
Lab Test,Door Mode,Unlocked,2022-12-06 1:12:56,54,Lab Test,10.0.1.246,Unlocked,Normal,7,2022-12-15 00:52:35,0,Reader Entrance
Lab Test,Door Mode,Locked,2022-12-06 1:12:57,54,Lab Test,10.0.1.246,Unlocked,Normal,7,2022-12-15 00:52:35,0,Reader Entrance
Lab Test,Door Mode,Unlocked,2022-12-06 1:12:57,54,Lab Test,10.0.1.246,Unlocked,Normal,7,2022-12-15 00:52:35,0,Reader Entrance
Lab Test,Door Mode,Locked,2022-12-06 1:12:58,54,Lab Test,10.0.1.246,Unlocked,Normal,7,2022-12-15 00:52:35,0,Reader Entrance
Lab Test,Door Mode,Unlocked,2022-12-06 1:12:58,54,Lab Test,10.0.1.246,Unlocked,Normal,7,2022-12-15 00:52:35,0,Reader Entrance
Lab Test,Door Mode,Locked,2022-12-06 1:12:58,54,Lab Test,10.0.1.246,Unlocked,Normal,7,2022-12-15 00:52:35,0,Reader Entrance
Lab Test,Door Mode,Unlocked,2022-12-06 1:12:58,54,Lab Test,10.0.1.246,Unlocked,Normal,7,2022-12-15 00:52:35,0,Reader Entrance
Lab Test,Door Mode,Locked,2022-12-06 1:12:59,54,Lab Test,10.0.1.246,Unlocked,Normal,7,2022-12-15 00:52:35,0,Reader Entrance
Lab Test,Door Mode,Unlocked,2022-12-06 1:12:59,54,Lab Test,10.0.1.246,Unlocked,Normal,7,2022-12-15 00:52:35,0,Reader Entrance
Lab Test,Door Mode,Locked,2022-12-06 1:12:59,54,Lab Test,10.0.1.246,Unlocked,Normal,7,2022-12-15 00:52:35,0,Reader Entrance
Lab Test,Door Mode,Accessed,2022-12-06 1:13:00,54,Lab Test,10.0.1.246,Unlocked,Normal,7,2022-12-15 00:52:35,0,Reader Entrance
Lab Test,Door Mode,Locked,2022-12-06 1:13:07,54,Lab Test,10.0.1.246,Unlocked,Normal,7,2022-12-15 00:52:35,0,Reader Entrance
Lab Test,Door Mode,Unlocked,2022-12-06 1:22:57,54,Lab Test,10.0.1.246,Unlocked,Normal,7,2022-12-15 00:52:35,0,Reader Entrance
Lab Test,Door Mode,Locked,2022-12-06 1:22:58,54,Lab Test,10.0.1.246,Unlocked,Normal,7,2022-12-15 00:52:35,0,Reader Entrance
Lab Test,Door Mode,Accessed,2022-12-06 1:39:36,54,Lab Test,10.0.1.246,Unlocked,Normal,7,2022-12-15 00:52:35,0,Reader Entrance
Lab Test,Door Mode,Locked,2022-12-06 1:39:43,54,Lab Test,10.0.1.246,Unlocked,Normal,7,2022-12-15 00:52:35,0,Reader Entrance
Lab Test,Door Mode,Unlocked,2022-12-06 1:46:52,54,Lab Test,10.0.1.246,Unlocked,Normal,7,2022-12-15 00:52:35,0,Reader Entrance
Lab Test,Door Mode,Locked,2022-12-06 1:46:53,54,Lab Test,10.0.1.246,Unlocked,Normal,7,2022-12-15 00:52:35,0,Reader Entrance
Lab Test,Door Mode,Unlocked,2022-12-06 1:48:50,54,Lab Test,10.0.1.246,Unlocked,Normal,7,2022-12-15 00:52:35,0,Reader Entrance
Lab Test,Door Mode,Locked,2022-12-06 1:48:50,54,Lab Test,10.0.1.246,Unlocked,Normal,7,2022-12-15 00:52:35,0,Reader Entrance
Lab Test,Door Mode,Unlocked,2022-12-06 1:59:15,54,Lab Test,10.0.1.246,Unlocked,Normal,7,2022-12-15 00:52:35,0,Reader Entrance
Lab Test,Door Mode,Locked,2022-12-06 1:59:16,54,Lab Test,10.0.1.246,Unlocked,Normal,7,2022-12-15 00:52:35,0,Reader Entrance
Lab Test,Door Mode,Unlocked,2022-12-06 1:59:16,54,Lab Test,10.0.1.246,Unlocked,Normal,7,2022-12-15 00:52:35,0,Reader Entrance
Lab Test,Door Mode,Locked,2022-12-06 1:59:16,54,Lab Test,10.0.1.246,Unlocked,Normal,7,2022-12-15 00:52:35,0,Reader Entrance
Lab Test,Door Mode,Unlocked,2022-12-06 1:59:16,54,Lab Test,10.0.1.246,Unlocked,Normal,7,2022-12-15 00:52:35,0,Reader Entrance
Lab Test,Door Mode,Locked,2022-12-06 1:59:17,54,Lab Test,10.0.1.246,Unlocked,Normal,7,2022-12-15 00:52:35,0,Reader Entrance
Lab Test,Door Mode,Unlocked,2022-12-06 1:59:17,54,Lab Test,10.0.1.246,Unlocked,Normal,7,2022-12-15 00:52:35,0,Reader Entrance
Lab Test,Door Mode,Locked,2022-12-06 1:59:17,54,Lab Test,10.0.1.246,Unlocked,Normal,7,2022-12-15 00:52:35,0,Reader Entrance
Lab Test,Door Mode,Unlocked,2022-12-06 1:59:17,54,Lab Test,10.0.1.246,Unlocked,Normal,7,2022-12-15 00:52:35,0,Reader Entrance
Lab Test,Door Mode,Locked,2022-12-06 1:59:17,54,Lab Test,10.0.1.246,Unlocked,Normal,7,2022-12-15 00:52:35,0,Reader Entrance
Lab Test,Door Mode,Unlocked,2022-12-06 1:59:18,54,Lab Test,10.0.1.246,Unlocked,Normal,7,2022-12-15 00:52:35,0,Reader Entrance
Lab Test,Door Mode,Locked,2022-12-06 1:59:18,54,Lab Test,10.0.1.246,Unlocked,Normal,7,2022-12-15 00:52:35,0,Reader Entrance
Lab Test,Door Mode,Unlocked,2022-12-06 1:59:18,54,Lab Test,10.0.1.246,Unlocked,Normal,7,2022-12-15 00:52:35,0,Reader Entrance
Lab Test,Door Mode,Locked,2022-12-06 1:59:18,54,Lab Test,10.0.1.246,Unlocked,Normal,7,2022-12-15 00:52:35,0,Reader Entrance
Lab Test,Door Mode,Unlocked,2022-12-06 1:59:18,54,Lab Test,10.0.1.246,Unlocked,Normal,7,2022-12-15 00:52:35,0,Reader Entrance
Lab Test,Door Mode,Locked,2022-12-06 1:59:18,54,Lab Test,10.0.1.246,Unlocked,Normal,7,2022-12-15 00:52:35,0,Reader Entrance
Lab Test,Door Mode,Unlocked,2022-12-06 1:59:19,54,Lab Test,10.0.1.246,Unlocked,Normal,7,2022-12-15 00:52:35,0,Reader Entrance
Lab Test,Door Mode,Locked,2022-12-06 1:59:19,54,Lab Test,10.0.1.246,Unlocked,Normal,7,2022-12-15 00:52:35,0,Reader Entrance
Lab Test,Door Mode,Unlocked,2022-12-06 1:59:19,54,Lab Test,10.0.1.246,Unlocked,Normal,7,2022-12-15 00:52:35,0,Reader Entrance
Lab Test,Door Mode,Locked,2022-12-06 1:59:19,54,Lab Test,10.0.1.246,Unlocked,Normal,7,2022-12-15 00:52:35,0,Reader Entrance
Lab Test,Door Mode,Unlocked,2022-12-06 1:59:19,54,Lab Test,10.0.1.246,Unlocked,Normal,7,2022-12-15 00:52:35,0,Reader Entrance
Lab Test,Door Mode,Locked,2022-12-06 1:59:20,54,Lab Test,10.0.1.246,Unlocked,Normal,7,2022-12-15 00:52:35,0,Reader Entrance
Lab Test,Door Mode,Unlocked,2022-12-06 1:59:20,54,Lab Test,10.0.1.246,Unlocked,Normal,7,2022-12-15 00:52:35,0,Reader Entrance
Lab Test,Door Mode,Locked,2022-12-06 1:59:20,54,Lab Test,10.0.1.246,Unlocked,Normal,7,2022-12-15 00:52:35,0,Reader Entrance
Lab Test,Door Mode,Unlocked,2022-12-06 1:59:20,54,Lab Test,10.0.1.246,Unlocked,Normal,7,2022-12-15 00:52:35,0,Reader Entrance
Lab Test,Door Mode,Locked,2022-12-06 1:59:22,54,Lab Test,10.0.1.246,Unlocked,Normal,7,2022-12-15 00:52:35,0,Reader Entrance
Lab Test,Door Mode,Accessed,2022-12-06 1:59:23,54,Lab Test,10.0.1.246,Unlocked,Normal,7,2022-12-15 00:52:35,0,Reader Entrance
Lab Test,Door Mode,Locked,2022-12-06 1:59:31,54,Lab Test,10.0.1.246,Unlocked,Normal,7,2022-12-15 00:52:35,0,Reader Entrance
Lab Test,Door Mode,Unlocked,2022-12-06 2:29:24,54,Lab Test,10.0.1.246,Unlocked,Normal,7,2022-12-15 00:52:35,0,Reader Entrance
Lab Test,Door Mode,Locked,2022-12-06 2:29:24,54,Lab Test,10.0.1.246,Unlocked,Normal,7,2022-12-15 00:52:35,0,Reader Entrance
Lab Test,Door Mode,Accessed,2022-12-07 6:49:48,54,Lab Test,10.0.1.246,Unlocked,Normal,7,2022-12-15 00:52:35,0,Reader Entrance
Lab Test,Door Mode,Locked,2022-12-07 6:49:56,54,Lab Test,10.0.1.246,Unlocked,Normal,7,2022-12-15 00:52:35,0,Reader Entrance
Lab Test,Door Mode,Accessed,2022-12-07 7:04:07,54,Lab Test,10.0.1.246,Unlocked,Normal,7,2022-12-15 00:52:35,0,Reader Entrance
Lab Test,Door Mode,Locked,2022-12-07 7:04:14,54,Lab Test,10.0.1.246,Unlocked,Normal,7,2022-12-15 00:52:35,0,Reader Entrance
Lab Test,Door Mode,Accessed,2022-12-07 7:04:45,54,Lab Test,10.0.1.246,Unlocked,Normal,7,2022-12-15 00:52:35,0,Reader Entrance
Lab Test,Door Mode,Locked,2022-12-07 7:04:52,54,Lab Test,10.0.1.246,Unlocked,Normal,7,2022-12-15 00:52:35,0,Reader Entrance
Lab Test,Door Mode,Accessed,2022-12-07 7:06:58,54,Lab Test,10.0.1.246,Unlocked,Normal,7,2022-12-15 00:52:35,0,Reader Entrance
Lab Test,Door Mode,Locked,2022-12-07 7:07:05,54,Lab Test,10.0.1.246,Unlocked,Normal,7,2022-12-15 00:52:35,0,Reader Entrance
Lab Test,Door Mode,Accessed,2022-12-07 7:07:29,54,Lab Test,10.0.1.246,Unlocked,Normal,7,2022-12-15 00:52:35,0,Reader Entrance
Lab Test,Door Mode,Locked,2022-12-07 7:07:37,54,Lab Test,10.0.1.246,Unlocked,Normal,7,2022-12-15 00:52:35,0,Reader Entrance
Lab Test,Door Mode,Accessed,2022-12-07 7:07:58,54,Lab Test,10.0.1.246,Unlocked,Normal,7,2022-12-15 00:52:35,0,Reader Entrance
Lab Test,Door Mode,Locked,2022-12-07 7:08:05,54,Lab Test,10.0.1.246,Unlocked,Normal,7,2022-12-15 00:52:35,0,Reader Entrance
Lab Test,Door Mode,Accessed,2022-12-07 7:08:15,54,Lab Test,10.0.1.246,Unlocked,Normal,7,2022-12-15 00:52:35,0,Reader Entrance
Lab Test,Door Mode,Locked,2022-12-07 7:08:23,54,Lab Test,10.0.1.246,Unlocked,Normal,7,2022-12-15 00:52:35,0,Reader Entrance
Lab Test,Door Mode,Accessed,2022-12-07 7:08:25,54,Lab Test,10.0.1.246,Unlocked,Normal,7,2022-12-15 00:52:35,0,Reader Entrance
Lab Test,Door Mode,Locked,2022-12-07 7:08:32,54,Lab Test,10.0.1.246,Unlocked,Normal,7,2022-12-15 00:52:35,0,Reader Entrance
Lab Test,Door Mode,Accessed,2022-12-07 7:08:52,54,Lab Test,10.0.1.246,Unlocked,Normal,7,2022-12-15 00:52:35,0,Reader Entrance
Lab Test,Door Mode,Locked,2022-12-07 7:09:00,54,Lab Test,10.0.1.246,Unlocked,Normal,7,2022-12-15 00:52:35,0,Reader Entrance
Lab Test,Door Mode,Accessed,2022-12-07 7:10:23,54,Lab Test,10.0.1.246,Unlocked,Normal,7,2022-12-15 00:52:35,0,Reader Entrance
Lab Test,Door Mode,Locked,2022-12-07 7:10:30,54,Lab Test,10.0.1.246,Unlocked,Normal,7,2022-12-15 00:52:35,0,Reader Entrance
Lab Test,Door Mode,Accessed,2022-12-07 7:11:03,54,Lab Test,10.0.1.246,Unlocked,Normal,7,2022-12-15 00:52:35,0,Reader Entrance
Lab Test,Door Mode,Locked,2022-12-07 7:11:10,54,Lab Test,10.0.1.246,Unlocked,Normal,7,2022-12-15 00:52:35,0,Reader Entrance
Lab Test,Door Mode,Accessed,2022-12-07 7:11:40,54,Lab Test,10.0.1.246,Unlocked,Normal,7,2022-12-15 00:52:35,0,Reader Entrance
Lab Test,Door Mode,Locked,2022-12-07 7:11:47,54,Lab Test,10.0.1.246,Unlocked,Normal,7,2022-12-15 00:52:35,0,Reader Entrance
Lab Test,Door Mode,Accessed,2022-12-07 7:24:39,54,Lab Test,10.0.1.246,Unlocked,Normal,7,2022-12-15 00:52:35,0,Reader Entrance
Lab Test,Door Mode,Locked,2022-12-07 7:24:46,54,Lab Test,10.0.1.246,Unlocked,Normal,7,2022-12-15 00:52:35,0,Reader Entrance
Lab Test,Door Mode,Accessed,2022-12-07 7:24:48,54,Lab Test,10.0.1.246,Unlocked,Normal,7,2022-12-15 00:52:35,0,Reader Entrance
Lab Test,Door Mode,Locked,2022-12-07 7:24:56,54,Lab Test,10.0.1.246,Unlocked,Normal,7,2022-12-15 00:52:35,0,Reader Entrance
Lab Test,Door Mode,Accessed,2022-12-07 9:57:38,54,Lab Test,10.0.1.246,Unlocked,Normal,7,2022-12-15 00:52:35,0,Reader Entrance
Lab Test,Door Mode,Unlocked,2022-12-07 9:57:42,54,Lab Test,10.0.1.246,Unlocked,Normal,7,2022-12-15 00:52:35,0,Reader Entrance
Lab Test,Door Mode,Locked,2022-12-07 9:57:43,54,Lab Test,10.0.1.246,Unlocked,Normal,7,2022-12-15 00:52:35,0,Reader Entrance
Lab Test,Door Mode,Unlocked,2022-12-07 9:57:43,54,Lab Test,10.0.1.246,Unlocked,Normal,7,2022-12-15 00:52:35,0,Reader Entrance
Lab Test,Door Mode,Locked,2022-12-07 9:57:43,54,Lab Test,10.0.1.246,Unlocked,Normal,7,2022-12-15 00:52:35,0,Reader Entrance
Lab Test,Door Mode,Unlocked,2022-12-07 9:57:44,54,Lab Test,10.0.1.246,Unlocked,Normal,7,2022-12-15 00:52:35,0,Reader Entrance
Lab Test,Door Mode,Locked,2022-12-07 9:57:44,54,Lab Test,10.0.1.246,Unlocked,Normal,7,2022-12-15 00:52:35,0,Reader Entrance
Lab Test,Door Mode,Accessed,2022-12-07 9:57:45,54,Lab Test,10.0.1.246,Unlocked,Normal,7,2022-12-15 00:52:35,0,Reader Entrance
Lab Test,Door Mode,Locked,2022-12-07 9:57:52,54,Lab Test,10.0.1.246,Unlocked,Normal,7,2022-12-15 00:52:35,0,Reader Entrance
Lab Test,Door Mode,Accessed,2022-12-07 9:57:53,54,Lab Test,10.0.1.246,Unlocked,Normal,7,2022-12-15 00:52:35,0,Reader Entrance
Lab Test,Door Mode,Locked,2022-12-07 9:58:01,54,Lab Test,10.0.1.246,Unlocked,Normal,7,2022-12-15 00:52:35,0,Reader Entrance
Lab Test,Door Mode,Accessed,2022-12-07 9:58:02,54,Lab Test,10.0.1.246,Unlocked,Normal,7,2022-12-15 00:52:35,0,Reader Entrance
Lab Test,Door Mode,Locked,2022-12-07 9:58:09,54,Lab Test,10.0.1.246,Unlocked,Normal,7,2022-12-15 00:52:35,0,Reader Entrance
Lab Test,Door Mode,Unlocked,2022-12-07 9:58:56,54,Lab Test,10.0.1.246,Unlocked,Normal,7,2022-12-15 00:52:35,0,Reader Entrance
Lab Test,Door Mode,Locked,2022-12-07 9:58:57,54,Lab Test,10.0.1.246,Unlocked,Normal,7,2022-12-15 00:52:35,0,Reader Entrance
Lab Test,Door Mode,Accessed,2022-12-07 1:44:00,54,Lab Test,10.0.1.246,Unlocked,Normal,7,2022-12-15 00:52:35,0,Reader Entrance
Lab Test,Door Mode,Locked,2022-12-07 1:44:07,54,Lab Test,10.0.1.246,Unlocked,Normal,7,2022-12-15 00:52:35,0,Reader Entrance
Lab Test,Door Mode,Accessed,2022-12-07 1:44:08,54,Lab Test,10.0.1.246,Unlocked,Normal,7,2022-12-15 00:52:35,0,Reader Entrance
Lab Test,Door Mode,Locked,2022-12-07 1:44:15,54,Lab Test,10.0.1.246,Unlocked,Normal,7,2022-12-15 00:52:35,0,Reader Entrance
Lab Test,Door Mode,Accessed,2022-12-07 2:21:00,54,Lab Test,10.0.1.246,Unlocked,Normal,7,2022-12-15 00:52:35,0,Reader Entrance
Lab Test,Door Mode,Locked,2022-12-07 2:21:20,54,Lab Test,10.0.1.246,Unlocked,Normal,7,2022-12-15 00:52:35,0,Reader Entrance
Lab Test,Door Mode,Accessed,2022-12-07 2:21:21,54,Lab Test,10.0.1.246,Unlocked,Normal,7,2022-12-15 00:52:35,0,Reader Entrance
Lab Test,Door Mode,Locked,2022-12-07 2:21:28,54,Lab Test,10.0.1.246,Unlocked,Normal,7,2022-12-15 00:52:35,0,Reader Entrance
Lab Test,Door Mode,Accessed,2022-12-13 3:49:38,54,Lab Test,10.0.1.246,Unlocked,Normal,7,2022-12-15 00:52:35,0,Reader Entrance
Lab Test,Door Mode,Locked,2022-12-13 3:49:45,54,Lab Test,10.0.1.246,Unlocked,Normal,7,2022-12-15 00:52:35,0,Reader Entrance
Lab Test,Door Mode,Accessed,2022-12-13 3:49:47,54,Lab Test,10.0.1.246,Unlocked,Normal,7,2022-12-15 00:52:35,0,Reader Entrance
Lab Test,Door Mode,Locked,2022-12-13 3:49:54,54,Lab Test,10.0.1.246,Unlocked,Normal,7,2022-12-15 00:52:35,0,Reader Entrance
Lab Test,Door Mode,Accessed,2022-12-15 5:21:02,54,Lab Test,10.0.1.246,Unlocked,Normal,7,2022-12-15 00:52:35,0,Reader Entrance
Lab Test,Door Mode,Locked,2022-12-15 5:21:09,54,Lab Test,10.0.1.246,Unlocked,Normal,7,2022-12-15 00:52:35,0,Reader Entrance
Lab Test,Door Mode,Accessed,2022-12-15 5:40:26,54,Lab Test,10.0.1.246,Unlocked,Normal,7,2022-12-15 00:52:35,0,Reader Entrance
Lab Test,Door Mode,Locked,2022-12-15 5:40:33,54,Lab Test,10.0.1.246,Unlocked,Normal,7,2022-12-15 00:52:35,0,Reader Entrance
Lab Test,Door Mode,Unlocked,2022-12-15 5:40:38,54,Lab Test,10.0.1.246,Unlocked,Normal,7,2022-12-15 00:52:35,0,Reader Entrance
Lab Test,Door Mode,Locked,2022-12-15 5:40:39,54,Lab Test,10.0.1.246,Unlocked,Normal,7,2022-12-15 00:52:35,0,Reader Entrance
Lab Test,Door Mode,Unlocked,2022-12-15 5:40:39,54,Lab Test,10.0.1.246,Unlocked,Normal,7,2022-12-15 00:52:35,0,Reader Entrance
Lab Test,Door Mode,Locked,2022-12-15 5:40:43,54,Lab Test,10.0.1.246,Unlocked,Normal,7,2022-12-15 00:52:35,0,Reader Entrance
Lab Test,Door Mode,Unlocked,2022-12-15 9:05:52,54,Lab Test,10.0.1.246,Unlocked,Normal,7,2022-12-15 00:52:35,0,Reader Entrance
Lab Test,Door Mode,Locked,2022-12-15 9:05:53,54,Lab Test,10.0.1.246,Unlocked,Normal,7,2022-12-15 00:52:35,0,Reader Entrance
Lab Test,Door Mode,Accessed,2022-12-15 0:18:03,54,Lab Test,10.0.1.246,Unlocked,Normal,7,2022-12-15 00:52:35,0,Reader Entrance
Lab Test,Door Mode,Unlocked,2022-12-15 0:18:10,54,Lab Test,10.0.1.246,Unlocked,Normal,7,2022-12-15 00:52:35,0,Reader Entrance
Lab Test,Door Mode,Locked,2022-12-15 0:18:11,54,Lab Test,10.0.1.246,Unlocked,Normal,7,2022-12-15 00:52:35,0,Reader Entrance
Lab Test,Door Mode,Unlocked,2022-12-15 0:18:12,54,Lab Test,10.0.1.246,Unlocked,Normal,7,2022-12-15 00:52:35,0,Reader Entrance
Lab Test,Door Mode,Locked,2022-12-15 0:18:12,54,Lab Test,10.0.1.246,Unlocked,Normal,7,2022-12-15 00:52:35,0,Reader Entrance
Lab Test,Door Mode,Unlocked,2022-12-15 0:18:13,54,Lab Test,10.0.1.246,Unlocked,Normal,7,2022-12-15 00:52:35,0,Reader Entrance
Lab Test,Door Mode,Accessed,2022-12-15 0:34:26,54,Lab Test,10.0.1.246,Unlocked,Normal,7,2022-12-15 00:52:35,0,Reader Entrance
Lab Test,Door Mode,Unlocked,2022-12-15 0:34:34,54,Lab Test,10.0.1.246,Unlocked,Normal,7,2022-12-15 00:52:35,0,Reader Entrance
Lab Test,Door Mode,Locked,2022-12-15 0:36:00,54,Lab Test,10.0.1.246,Unlocked,Normal,7,2022-12-15 00:52:35,0,Reader Entrance
Lab Test,Door Mode,Accessed,2022-12-15 0:39:02,54,Lab Test,10.0.1.246,Unlocked,Normal,7,2022-12-15 00:52:35,0,Reader Entrance
Lab Test,Door Mode,Locked,2022-12-15 0:39:09,54,Lab Test,10.0.1.246,Unlocked,Normal,7,2022-12-15 00:52:35,0,Reader Entrance
Lab Test,Door Mode,Accessed,2022-12-15 0:52:21,54,Lab Test,10.0.1.246,Unlocked,Normal,7,2022-12-15 00:52:35,0,Reader Entrance
Lab Test,Door Mode,Unlocked,2022-12-15 0:52:26,54,Lab Test,10.0.1.246,Unlocked,Normal,7,2022-12-15 00:52:35,0,Reader Entrance
Lab Test,Door Mode,Locked,2022-12-15 0:52:26,54,Lab Test,10.0.1.246,Unlocked,Normal,7,2022-12-15 00:52:35,0,Reader Entrance
Lab Test,Door Mode,Unlocked,2022-12-15 0:52:27,54,Lab Test,10.0.1.246,Unlocked,Normal,7,2022-12-15 00:52:35,0,Reader Entrance
Lab Test,Door Mode,Accessed,2022-12-15 0:52:28,54,Lab Test,10.0.1.246,Unlocked,Normal,7,2022-12-15 00:52:35,0,Reader Entrance
Lab Test,Door Mode,Unlocked,2022-12-15 0:52:35,54,Lab Test,10.0.1.246,Unlocked,Normal,7,2022-12-15 00:52:35,0,Reader Entrance
